rank,sku,pid,vid,variantSku,variantKey,sellPrice,sugSellPrice,weight_g,L,W,H,inv_CN_total,inv_CN_cj,inv_CN_factory,inv_US_total,variantImage
1,CJGY1025454,1366573785234411520,1366573786647891968,CJGY102545401AZ,Pink,4.13,35.89,620.0,240,240,90,30000,0,30000,,https://cf.cjdropshipping.com/1614651331672.jpg
1,CJGY1025454,1366573785234411520,1366573786715000832,CJGY102545402BY,Blue,4.13,35.89,620.0,240,240,90,30000,0,30000,,https://cf.cjdropshipping.com/1614651331665.jpg
1,CJGY1025454,1366573785234411520,1366573786782109696,CJGY102545403CX,Grey,4.13,35.89,620.0,240,240,90,30000,0,30000,,https://cf.cjdropshipping.com/1614651331670.jpg
1,CJGY1025454,1366573785234411520,1366573786849218560,CJGY102545404DW,White,4.13,41.63,807.0,240,240,90,30000,0,30000,,https://cf.cjdropshipping.com/1614651331667.jpg
1,CJGY1025454,1366573785234411520,1643881125657448448,CJGY102545408HS,White 3pcs,11.69,101.59,2358.0,240,240,300,11859,0,11859,,https://cf.cjdropshipping.com/13d38eb3-047a-4622-9d2c-87be08c1b0cd.jpg
1,CJGY1025454,1366573785234411520,1646844518660059136,CJGY102545409IR,Blue 3pcs,11.69,101.59,1830.0,240,240,300,14700,0,14700,,https://cf.cjdropshipping.com/00a18efc-7984-4e1d-9ba1-3dd8e7cb779f.jpg
1,CJGY1025454,1366573785234411520,1646844518718779392,CJGY102545410JQ,Grey 3pcs,11.69,101.59,1833.0,240,240,300,11846,0,11846,,https://cf.cjdropshipping.com/bddb3619-4001-4ae0-9e4a-1c659f905a38.jpg
1,CJGY1025454,1366573785234411520,1646844518777499648,CJGY102545411KP,Pink 3pcs,11.69,101.59,1833.0,240,240,300,11609,0,11609,,https://cf.cjdropshipping.com/2cfb0114-fa53-4e1b-8796-bcdc841c9b38.jpg
1,CJGY1025454,1366573785234411520,1646844518836219904,CJGY102545412LO,2Blue1Grey,11.69,101.59,1831.0,240,240,300,14355,0,14355,,https://cf.cjdropshipping.com/8d1e39da-cb4d-441e-ac69-246521110a32.jpg
1,CJGY1025454,1366573785234411520,1646844518894940160,CJGY102545413MN,1Blue2Grey,11.69,101.59,1832.0,240,240,300,12306,0,12306,,https://cf.cjdropshipping.com/07e27d77-388b-4506-a635-d8ee5bfba18b.jpg
1,CJGY1025454,1366573785234411520,1646844518953660416,CJGY102545414NM,1Blue2Pink,11.69,101.59,1832.0,240,240,300,13294,0,13294,,https://cf.cjdropshipping.com/be478328-3549-4c9c-9abb-efc4e3221a05.jpg
1,CJGY1025454,1366573785234411520,1646844519012380672,CJGY102545415OL,2Blue1Pink,11.69,101.59,1831.0,240,240,300,13933,0,13933,,https://cf.cjdropshipping.com/f9c56338-cc6c-4efc-ae80-a685d8d21a98.jpg
1,CJGY1025454,1366573785234411520,1646844519071100928,CJGY102545416PK,2Blue1White,11.69,101.59,2006.0,240,240,300,13396,0,13396,,https://cf.cjdropshipping.com/5215194a-9830-4d7f-97d9-05958926b853.jpg
1,CJGY1025454,1366573785234411520,1646844519125626880,CJGY102545417QJ,1Blue2White,11.69,101.59,2182.0,240,240,300,11395,0,11395,,https://cf.cjdropshipping.com/11ce8322-d227-4067-a517-f38d45fe8ba5.jpg
1,CJGY1025454,1366573785234411520,1646844519180152832,CJGY102545418RI,2Pink1White,11.69,101.59,2008.0,240,240,300,13839,0,13839,,https://cf.cjdropshipping.com/6184c405-f982-4ea3-a29c-e62ac26b299a.jpg
1,CJGY1025454,1366573785234411520,1646844519238873088,CJGY102545419SH,1Pink2White,11.69,101.59,2183.0,240,240,300,10512,0,10512,,https://cf.cjdropshipping.com/a031f119-4486-4938-93de-2b34b387cdc0.jpg
1,CJGY1025454,1366573785234411520,1646844519293399040,CJGY102545420TG,2Pink1Grey,11.69,101.59,1833.0,240,240,300,14859,0,14859,,https://cf.cjdropshipping.com/dd054580-a919-45a4-acbe-27a2e856af54.jpg
1,CJGY1025454,1366573785234411520,1646844519347924992,CJGY102545421UF,1Pink2Grey,11.69,101.59,1833.0,240,240,300,10192,0,10192,,https://cf.cjdropshipping.com/ab018cd2-1ecd-47ef-925d-4a4aadc2fad7.jpg
1,CJGY1025454,1366573785234411520,1658366682760486912,CJGY102545422VE,Grey 2pcs,7.79,67.7,1222.0,240,240,300,14304,0,14304,,https://cf.cjdropshipping.com/ef6c73d7-09dd-43ea-a601-c87e6aaa9729.jpg
1,CJGY1025454,1366573785234411520,1708795443548786688,CJGY102545423WD,Pink 2L,4.7,40.85,670.0,240,240,90,11692,0,11692,,https://cf.cjdropshipping.com/ac13aa7c-df6b-4080-96d2-072926b504a1.png
1,CJGY1025454,1366573785234411520,1708795443611701248,CJGY102545424XC,White 2L,4.7,40.85,924.0,240,240,90,10142,0,10142,,https://cf.cjdropshipping.com/6fc9eda7-0548-4706-b8c5-48fb8577b7cd.png
1,CJGY1025454,1366573785234411520,1708795443674615808,CJGY102545425YB,Grey 2L,4.7,40.85,670.0,240,240,90,11783,0,11783,,https://cf.cjdropshipping.com/79849b9e-4320-40eb-b694-2c71dc6d9410.png
1,CJGY1025454,1366573785234411520,1708795443737530368,CJGY102545426ZA,Blue 2L,4.7,40.85,670.0,240,240,90,13544,0,13544,,https://cf.cjdropshipping.com/a810d295-7e9d-4488-ac63-a5799b78f2b0.png
1,CJGY1025454,1366573785234411520,2608260925351609100,CJGY102545427AZ,Set,11.15,96.9,953.0,240,240,300,7077,0,7077,,https://oss-cf.cjdropshipping.com/product/2026/08/26/09/396f1f4a-087f-437a-ad2b-9cdf43e5b9a8.jpg
1,CJGY1025454,1366573785234411520,2608260925351609101,CJGY102545428BY,Set1,11.15,96.9,931.0,240,240,300,6291,0,6291,,https://oss-cf.cjdropshipping.com/product/2026/08/26/09/1dc32ce1-c661-4e16-9981-e17fb58b3bf0.jpg
2,CJGY1748465,1653041912300969984,1653041912363884544,CJGY174846501AZ,Green,1.29,15.73,170.0,230,230,50,14911,0,14911,,https://cf.cjdropshipping.com/3f2fd331-bd46-4e91-939b-2fe10bc16685.jpeg
2,CJGY1748465,1653041912300969984,1653041912418410496,CJGY174846502BY,Pink,1.29,11.22,170.0,230,230,50,12850,1,12849,,https://cf.cjdropshipping.com/d9f45be0-81b0-485c-a73e-3498828b065a.jpeg
2,CJGY1748465,1653041912300969984,1653041912468742144,CJGY174846503CX,Orange,1.29,17.41,170.0,230,230,50,10992,1,10991,,https://cf.cjdropshipping.com/1dbcc4f1-e501-49d0-9e5c-87db96fe6ace.jpeg
2,CJGY1748465,1653041912300969984,1717449049042853888,CJGY174846504DW,Set,2.11,18.34,322.0,230,230,100,10958,0,10958,,https://oss-cf.cjdropshipping.com/product/2023/10/26/07/f0f25a94-d40c-4d77-880b-aca7d7d40eee.png
2,CJGY1748465,1653041912300969984,1717449049114157056,CJGY174846505EV,Set1,2.11,31.96,322.0,230,230,100,11261,0,11261,,https://oss-cf.cjdropshipping.com/product/2023/10/26/07/afbbfb2a-2ded-4970-b2bc-a204d1c3372c.png
3,CJMY1772383,1665981331156774912,1665981331223883776,CJMY177238301AZ,Small Black Licking Pad,4.67,40.59,390.0,300,200,40,14878,0,14878,,https://cf.cjdropshipping.com/quick/product/30c6ae38-6cef-4469-8772-7226df8eafbb.jpg
3,CJMY1772383,1665981331156774912,1665981331274215424,CJMY177238302BY,Small Lake Blue Licking Pad,4.67,40.59,390.0,300,200,40,10595,0,10595,,https://cf.cjdropshipping.com/quick/product/2051130a-56c6-4132-a01a-6efad48789ba.jpg
3,CJMY1772383,1665981331156774912,1665981331332935680,CJMY177238303CX,Small Purple Licking Pad,4.67,40.59,390.0,300,200,40,12473,1,12472,,https://cf.cjdropshipping.com/quick/product/b681e6ae-03e7-4f64-bcd2-f2ba39192e0c.jpg
3,CJMY1772383,1665981331156774912,1665981331391655936,CJMY177238304DW,Small Dark Gray Licking Pad,4.67,40.59,390.0,300,200,40,14126,0,14126,,https://cf.cjdropshipping.com/quick/product/31dfd548-87d2-48eb-a9e0-f46c7c8a4e7e.jpg
3,CJMY1772383,1665981331156774912,1665981331496513536,CJMY177238305EV,Small Sky Blue Licking Pad,4.67,40.59,390.0,300,200,40,11665,0,11665,,https://cf.cjdropshipping.com/quick/product/7b8caade-2021-4f2d-b40c-e105d5edb628.jpg
3,CJMY1772383,1665981331156774912,1665981331618148352,CJMY177238306FU,Small Milky White Licking Pad,4.67,40.59,390.0,300,200,40,13765,0,13765,,https://cf.cjdropshipping.com/quick/product/452ea6c0-0008-4c2a-863a-bac6e384ccd0.jpg
3,CJMY1772383,1665981331156774912,1665981331676868608,CJMY177238307GT,Large Black Licking Pad,7.56,65.7,770.0,400,300,40,11147,0,11147,,https://cf.cjdropshipping.com/quick/product/92babd9b-795b-400e-9a42-1fac8c5e235f.jpg
3,CJMY1772383,1665981331156774912,1665981331731394560,CJMY177238308HS,Large Lake Blue Licking Pad,7.56,65.7,441.0,400,300,40,14896,0,14896,,https://cf.cjdropshipping.com/quick/product/83207717-d72c-424d-bc15-0ddfb8cbb958.jpg
3,CJMY1772383,1665981331156774912,1665981331781726208,CJMY177238309IR,Large Purple Licking Pad,7.56,65.7,770.0,400,300,40,11293,0,11293,,https://cf.cjdropshipping.com/quick/product/ed87124b-76b9-4fb5-a930-16faab9fab13.jpg
3,CJMY1772383,1665981331156774912,1665981331832057856,CJMY177238310JQ,Large Gray Licking Pad,7.56,65.7,770.0,400,300,40,13181,1,13180,,https://cf.cjdropshipping.com/quick/product/cb26efa9-1193-4b5e-aece-4f727d5fd96e.jpg
3,CJMY1772383,1665981331156774912,1665981331924332544,CJMY177238311KP,Large Sky Blue Licking Pad,7.56,65.7,770.0,400,300,40,11659,1,11658,,https://cf.cjdropshipping.com/quick/product/eee4ad90-350a-4b5e-8085-68228242652b.jpg
3,CJMY1772383,1665981331156774912,1665981331978858496,CJMY177238312LO,Large Milky White Licking Pad,7.56,65.7,770.0,400,300,40,12146,0,12146,,https://cf.cjdropshipping.com/quick/product/72b5edf4-78f2-4bfe-9b6d-8bd0abf96895.jpg
3,CJMY1772383,1665981331156774912,1665981332033384448,CJMY177238313MN,Large Light Green Licking Pad,7.56,65.7,770.0,400,300,40,12099,0,12099,,https://cf.cjdropshipping.com/quick/product/b0d2bb4b-0fe2-4ca1-a386-f315dea5e875.jpg
3,CJMY1772383,1665981331156774912,2606170821291618000,CJMY177238314NM,Set,21.33,185.36,1476.0,400,300,40,9554,0,9554,,https://oss-cf.cjdropshipping.com/product/2026/06/17/08/23757fa4-ef68-40ba-b9d8-87c82e6db9fe.jpg
4,CJMY1228721,1419871243087253504,1419871245301846016,CJMY122872101AZ,Double bowl box,0.39,3.39,136.0,280,150,120,28150,0,28150,,https://cf.cjdropshipping.com/86981f7c-3722-4d0d-ad76-17478dc626d1.jpg
4,CJMY1228721,1419871243087253504,1419871245633196032,CJMY122872102BY,4foot single bowl box,0.34,2.96,79.0,135,135,85,29177,0,29177,,https://cf.cjdropshipping.com/19ae196d-a3ac-4e6c-9451-f2c356f02b1c.jpg
4,CJMY1228721,1419871243087253504,1419871245956157440,CJMY122872103CX,U bottom single bowl box,0.36,3.13,91.0,135,135,118,30540,0,30540,,https://cf.cjdropshipping.com/28aba8e8-aa62-4424-b774-d9ddd8e42ddf.jpg
4,CJMY1228721,1419871243087253504,1419871246220398592,CJMY122872104DW,Double white and box,3.12,27.12,631.0,380,150,120,23731,0,23731,,https://cf.cjdropshipping.com/cd8a2ffa-fc08-4400-a626-1d5c6f716670.jpg
4,CJMY1228721,1419871243087253504,1419871246316867584,CJMY122872105EV,Double black and box,3.12,27.12,495.0,380,150,120,28443,0,28443,,https://cf.cjdropshipping.com/8807fb7c-5e17-4ced-8af0-4b11e66b5ac0.jpg
4,CJMY1228721,1419871243087253504,1419871246346227712,CJMY122872106FU,Single white and box,2.31,20.08,275.0,135,135,118,28642,0,28642,,https://cf.cjdropshipping.com/1d2cd9c1-84a1-4f1e-985d-d54ede23f8fb.jpg
4,CJMY1228721,1419871243087253504,1419871246375587840,CJMY122872107GT,Single black and box,2.31,20.08,275.0,135,135,118,27676,0,27676,,https://cf.cjdropshipping.com/67e01811-df74-493f-8052-c7e0399ab5ab.jpg
4,CJMY1228721,1419871243087253504,1419871246560137216,CJMY122872108HS,Double black white and box,3.12,27.12,631.0,380,150,120,30095,0,30095,,https://cf.cjdropshipping.com/1ce8d8ad-648a-482c-b77d-52503234a1bd.jpg
4,CJMY1228721,1419871243087253504,1419871246606274560,CJMY122872109IR,Single clear white and box,1.34,11.65,262.0,135,135,85,31372,0,31372,,https://cf.cjdropshipping.com/8527410a-aeef-4560-b168-7fd471b1dc6d.jpg
4,CJMY1228721,1419871243087253504,1419871246660800512,CJMY122872111KP,Single clear pink,1.52,13.21,191.0,135,135,118,31217,0,31217,,https://cf.cjdropshipping.com/b4d06687-d8ea-4140-b279-3fdd0d0882fa.jpg
4,CJMY1228721,1419871243087253504,1419871246698549248,CJMY122872112LO,Two clear pink,2.32,20.17,495.0,280,150,120,33307,0,33307,,https://cf.cjdropshipping.com/8928ef65-4f9e-42f2-8cb2-ff1ac6934a7a.jpg
4,CJMY1228721,1419871243087253504,1419871246723715072,CJMY122872113MN,Black white and box,2.04,17.73,495.0,280,150,120,32030,0,32030,,https://cf.cjdropshipping.com/e7babff4-7bef-4eaf-a223-80b4240a23d7.jpg
4,CJMY1228721,1419871243087253504,1419871246769852416,CJMY122872114NM,Transparent white and box,2.04,17.73,495.0,280,150,120,29718,0,29718,,https://cf.cjdropshipping.com/98164588-59ca-4bdc-a1a9-8cb201c5bf1a.jpg
4,CJMY1228721,1419871243087253504,1419871246815989760,CJMY122872115OL,Two white and box,2.04,23.35,495.0,280,150,120,29731,0,29731,,https://cf.cjdropshipping.com/10928110-5e83-4a11-b842-b9b74c506dba.png
4,CJMY1228721,1419871243087253504,1419871246849544192,CJMY122872116PK,Black double bowl A and box,2.41,29.59,495.0,280,150,120,29561,1,29560,,https://cf.cjdropshipping.com/e3b7f3b8-0b4a-4eb6-b5c8-be4d85189c48.jpg
4,CJMY1228721,1419871243087253504,1422910395659718656,CJMY122872110JQ,Single transparent and box,1.19,10.35,209.0,135,135,85,29305,0,29305,,https://cf.cjdropshipping.com/c2f2b2cf-ccc7-4608-bac2-d6cba1b97a1a.jpg
4,CJMY1228721,1419871243087253504,1425342718476947456,CJMY122872117QJ,Double transparent and box,3.12,27.12,495.0,380,150,120,28485,1,28484,,https://cf.cjdropshipping.com/cd8a2ffa-fc08-4400-a626-1d5c6f716670.jpg
4,CJMY1228721,1419871243087253504,1425342718493724672,CJMY122872118RI,Black transparent and box,3.12,27.12,495.0,280,150,120,32219,0,32219,,https://cf.cjdropshipping.com/1ce8d8ad-648a-482c-b77d-52503234a1bd.jpg
4,CJMY1228721,1419871243087253504,1425342718510501888,CJMY122872119SH,Single transparent with shelf,2.31,20.08,243.0,135,135,118,32878,0,32878,,https://cf.cjdropshipping.com/1d2cd9c1-84a1-4f1e-985d-d54ede23f8fb.jpg
4,CJMY1228721,1419871243087253504,1470579808424562688,CJMY122872120TG,Double transparent and box2pcs,6.27,54.49,912.0,280,150,240,10826,0,10826,,https://cf.cjdropshipping.com/d9ebfbc8-f328-4ec3-85fd-591722190cd0.jpg
4,CJMY1228721,1419871243087253504,1470579808428756992,CJMY122872121UF,Black transparent and box2pcs,6.27,54.49,984.0,280,150,240,14236,0,14236,,https://cf.cjdropshipping.com/da2ff1d6-abac-436b-9789-a02eaa530f2b.jpg
4,CJMY1228721,1419871243087253504,1470579808428756993,CJMY122872122VE,Single transparent shelf2pcs,4.68,40.67,474.0,135,135,236,11964,0,11964,,https://cf.cjdropshipping.com/329b52e4-591b-4233-a38c-f40f0ddd4b37.jpg
4,CJMY1228721,1419871243087253504,1470579808432951296,CJMY122872123WD,Double transparent and box3pcs,9.41,81.78,1368.0,280,150,360,13865,0,13865,,https://cf.cjdropshipping.com/e983a6bc-0ce4-4a81-8824-77f624551a35.jpg
4,CJMY1228721,1419871243087253504,1470579808432951297,CJMY122872124XC,Black transparent and box3pcs,9.41,81.78,1476.0,280,150,360,11838,0,11838,,https://cf.cjdropshipping.com/4599403a-d3e8-4aff-aee9-aa8957b09103.jpg
4,CJMY1228721,1419871243087253504,1470579808437145600,CJMY122872125YB,Single transparent shelf3pcs,6.95,60.4,711.0,135,135,354,11358,0,11358,,https://cf.cjdropshipping.com/68fb2833-6e3d-4aa2-bfac-84760a4c17b8.jpg
5,CJGY1029541,1367475421175746560,1367475422530506752,CJGY102954101AZ,White,3.35,29.12,796.0,250,200,180,40000,0,40000,,https://cf.cjdropshipping.com/1614866217125.jpg
5,CJGY1029541,1367475421175746560,1367475422610198528,CJGY102954102BY,Red,3.25,28.25,796.0,250,200,180,40000,0,40000,,https://cf.cjdropshipping.com/1614866217181.jpg
5,CJGY1029541,1367475421175746560,1367475422677307392,CJGY102954103CX,Blue,3.25,28.25,796.0,250,200,180,40000,0,40000,,https://cf.cjdropshipping.com/1614866217180.jpg
5,CJGY1029541,1367475421175746560,1367475422740221952,CJGY102954104DW,light green,3.25,28.25,796.0,250,200,180,40000,0,40000,,https://cf.cjdropshipping.com/1614866217145.jpg
5,CJGY1029541,1367475421175746560,1367475422803136512,CJGY102954105EV,redset,4.76,41.37,910.0,250,200,180,40000,0,40000,,https://cf.cjdropshipping.com/1614866217178.jpg
5,CJGY1029541,1367475421175746560,1367475422866051072,CJGY102954106FU,greenset,4.76,41.37,800.0,250,200,180,40000,0,40000,,https://cf.cjdropshipping.com/1614866217411.jpg
5,CJGY1029541,1367475421175746560,1367475422928965632,CJGY102954107GT,whiteset,4.62,40.15,910.0,250,200,180,40000,0,40000,,https://cf.cjdropshipping.com/1614866217409.jpg
5,CJGY1029541,1367475421175746560,1367475422991880192,CJGY102954108HS,light greenset,4.62,40.15,910.0,250,200,180,40000,0,40000,,https://cf.cjdropshipping.com/1614866217118.jpg
5,CJGY1029541,1367475421175746560,1367846159187578880,CJGY102954109IR,White2pcs,6.5,56.49,1592.0,250,200,300,40000,0,40000,,https://cf.cjdropshipping.com/1614954583878.jpg
5,CJGY1029541,1367475421175746560,1367846159250493440,CJGY102954110JQ,Red2pcs,6.5,56.49,1592.0,250,200,300,40000,0,40000,,https://cf.cjdropshipping.com/1614954583897.jpg
5,CJGY1029541,1367475421175746560,1367846159313408000,CJGY102954111KP,Blue2pcs,6.5,56.49,1592.0,250,200,300,40000,0,40000,,https://cf.cjdropshipping.com/1614954583896.jpg
5,CJGY1029541,1367475421175746560,1367846159405682688,CJGY102954112LO,light green2pcs,6.5,56.49,1592.0,250,200,300,40000,0,40000,,https://cf.cjdropshipping.com/1614954583883.jpg
5,CJGY1029541,1367475421175746560,1367846159472791552,CJGY102954113MN,redset2pcs,9.52,82.73,1500.0,250,200,350,40000,0,40000,,https://cf.cjdropshipping.com/1614954583890.jpg
5,CJGY1029541,1367475421175746560,1367846159535706112,CJGY102954114NM,greenset 2pcs,9.24,80.3,1500.0,250,200,350,40000,0,40000,,https://cf.cjdropshipping.com/1614954584153.jpg
5,CJGY1029541,1367475421175746560,1367846159598620672,CJGY102954115OL,whiteset 2pcs,9.24,80.3,1388.0,250,200,350,40000,0,40000,,https://cf.cjdropshipping.com/1614954584144.jpg
5,CJGY1029541,1367475421175746560,1367846159661535232,CJGY102954116PK,light greenset2pcs,9.52,82.73,1500.0,250,200,350,40000,0,40000,,https://cf.cjdropshipping.com/1614954583868.jpg
