rank,sku,pid,vid,variantSku,variantKey,sellPrice,sugSellPrice,weight_g,L,W,H,inv_CN_total,inv_CN_cj,inv_CN_factory,inv_US_total,variantImage
1,CJGX1597441,1585221163377242112,1585221163461128192,CJGX159744101AZ,Red,2.03,14.57,39.0,200,180,30,14955,1,14954,0,https://cf.cjdropshipping.com/7260c2ca-e244-4115-b5f3-faa39a38a7ca.jpg
1,CJGX1597441,1585221163377242112,1585221163465322496,CJGX159744102BY,Yellow,2.03,13.87,39.0,200,180,30,13252,1,13251,7,https://cf.cjdropshipping.com/7bbbfd4d-e8b5-4376-bdec-883042e6300f.jpg
1,CJGX1597441,1585221163377242112,1585221163465322497,CJGX159744103CX,Purple,2.03,14.54,39.0,200,180,30,12001,0,12001,0,https://cf.cjdropshipping.com/fb6eb985-4cfa-4ba0-8c6d-6a6ead76f4ed.jpg
1,CJGX1597441,1585221163377242112,1585221163469516800,CJGX159744104DW,Black,2.03,13.87,39.0,200,180,30,14380,0,14380,0,https://cf.cjdropshipping.com/ba2f978a-f3ef-442f-bf57-83b84aeaa3a4.jpg
1,CJGX1597441,1585221163377242112,1585221163469516801,CJGX159744105EV,Pink,2.03,15.54,39.0,200,180,30,14217,0,14217,18,https://cf.cjdropshipping.com/2f2c0d08-eb50-469d-a26d-25d35927eef4.jpg
1,CJGX1597441,1585221163377242112,1585221163473711104,CJGX159744106FU,Orange,2.03,14.09,39.0,200,180,30,13645,2,13643,0,https://cf.cjdropshipping.com/32dccf0c-16eb-48aa-a648-e82338943a2e.jpg
1,CJGX1597441,1585221163377242112,1585221163473711105,CJGX159744107GT,Sky Blue,2.03,14.26,39.0,200,180,30,13599,0,13599,24,https://cf.cjdropshipping.com/0a37c380-d6df-4a96-a32a-afcb7ed55d60.jpg
1,CJGX1597441,1585221163377242112,2601180147231608500,CJGX159744108HS,Black set,3.87,26.44,340.0,200,180,30,8350,0,8350,0,https://oss-cf.cjdropshipping.com/product/2026/01/18/01/df6beb9d-7cd3-493e-96a6-e3c5d6ae656d.jpg
1,CJGX1597441,1585221163377242112,2604020747501632200,CJGX159744109IR,AK28 white with keychain,2.95,20.15,31.0,200,180,30,5425,0,5425,0,https://oss-cf.cjdropshipping.com/product/2026/04/02/07/2d535efa-8b79-493d-975b-ed751db85198.jpg
1,CJGX1597441,1585221163377242112,2604020754541617700,CJGX159744110JQ,Black set1,4.98,41.12,64.0,200,180,30,9541,0,9541,0,https://oss-cf.cjdropshipping.com/product/2026/04/02/07/77f5d1bd-44d9-4599-ab6e-3eada74e5808.jpg
1,CJGX1597441,1585221163377242112,2604020754541618000,CJGX159744111KP,Orange set1,4.98,41.12,64.0,200,180,30,9976,0,9976,0,https://oss-cf.cjdropshipping.com/product/2026/04/02/07/ded2711e-3d07-41b9-8efa-ae020946e100.jpg
1,CJGX1597441,1585221163377242112,2604020754541618400,CJGX159744112LO,Pink set1,4.98,34.29,64.0,200,180,30,9104,0,9104,0,https://oss-cf.cjdropshipping.com/product/2026/04/02/07/63e23a15-5d5a-44ed-baaa-ccdfafb601b9.jpg
1,CJGX1597441,1585221163377242112,2604020754541618700,CJGX159744113MN,Purple set1,4.98,37.27,62.0,200,180,30,8015,0,8015,0,https://oss-cf.cjdropshipping.com/product/2026/04/02/07/07dc7980-2cdc-430a-ab03-e0826435d7d7.jpg
1,CJGX1597441,1585221163377242112,2604020754541619000,CJGX159744114NM,Red set1,4.98,38.25,64.0,200,180,30,8792,0,8792,0,https://oss-cf.cjdropshipping.com/product/2026/04/02/07/c643a97c-84bd-48b5-86ed-fdc73063b66e.jpg
1,CJGX1597441,1585221163377242112,2604020754541619300,CJGX159744115OL,Sky Blue set1,4.98,39.14,64.0,200,180,30,9349,0,9349,0,https://oss-cf.cjdropshipping.com/product/2026/04/02/07/6e3b0751-b3d4-4b2a-b150-ce08f46eb7ae.jpg
1,CJGX1597441,1585221163377242112,2604020754541619600,CJGX159744116PK,Yellow set1,4.98,41.2,62.0,200,180,30,6632,0,6632,0,https://oss-cf.cjdropshipping.com/product/2026/04/02/07/43ed2902-628c-46ba-afe1-525da716d385.jpg
2,CJJJCWGY00032,7BFA65D8-41B6-4316-A7F4-2EB2A34CA257,01276391-DE7D-4950-BC8B-5C07FD4F734D,CJJJCWGY00032-pink-XL-battery,pink-XL-battery,1.19,9.53,90.0,600,520,30,31482,1,31481,0,https://cf.cjdropshipping.com/15142464/1281905494128.png?bid=1794224373340057600
2,CJJJCWGY00032,7BFA65D8-41B6-4316-A7F4-2EB2A34CA257,02CC758C-08E3-44A4-AB37-0E67FCCD5AD5,CJJJCWGY00032-orange-XL-battery,orange-XL-battery,1.19,10.38,90.0,600,520,30,28668,0,28668,0,https://cf.cjdropshipping.com/15142464/1207002688352.png?bid=1794224387999150080
2,CJJJCWGY00032,7BFA65D8-41B6-4316-A7F4-2EB2A34CA257,082A9C44-6A80-4761-B272-8A62E771A6B4,CJJJCWGY00032-pink-XS-chargable,pink-XS-chargable,1.19,9.82,90.0,420,340,30,31025,0,31025,0,https://cf.cjdropshipping.com/15142464/4154077744321.png?bid=1794224400594644992
2,CJJJCWGY00032,7BFA65D8-41B6-4316-A7F4-2EB2A34CA257,0CD1BE6F-1D76-463D-BDB1-708101C005BC,CJJJCWGY00032-pink-L-chargable,pink-L-chargable,1.19,11.11,90.0,520,450,30,30491,9,30482,0,https://cf.cjdropshipping.com/15142464/4154077744321.png?bid=1794224400594644992
2,CJJJCWGY00032,7BFA65D8-41B6-4316-A7F4-2EB2A34CA257,0D3142E6-11A2-41F7-8D14-75129F74AFC1,CJJJCWGY00032-yellow-XL-battery,yellow-XL-battery,1.19,10.51,90.0,600,520,30,28030,0,28030,0,https://cf.cjdropshipping.com/15142464/3922876238320.png?bid=1794224410094743552
2,CJJJCWGY00032,7BFA65D8-41B6-4316-A7F4-2EB2A34CA257,1446303108551544832,CJJJCWGY00032-Seven colors-XS-Battery,Seven colors-XS-Battery,1.19,8.13,63.0,430,350,30,40557,0,40557,0,https://cf.cjdropshipping.com/00dee0e0-7049-48df-ad59-2163d7b0f0c0.jpg?bid=1794224424779001856
2,CJJJCWGY00032,7BFA65D8-41B6-4316-A7F4-2EB2A34CA257,1446303108559933440,CJJJCWGY00032-Seven colors-S-Battery,Seven colors-S-Battery,1.19,23.44,73.0,430,350,30,43402,0,43402,0,https://cf.cjdropshipping.com/00dee0e0-7049-48df-ad59-2163d7b0f0c0.jpg?bid=1794224424779001856
2,CJJJCWGY00032,7BFA65D8-41B6-4316-A7F4-2EB2A34CA257,1446303108677373952,CJJJCWGY00032-Seven colors-M-Battery,Seven colors-M-Battery,1.19,15.4,83.0,430,350,30,40426,9,40417,0,https://cf.cjdropshipping.com/00dee0e0-7049-48df-ad59-2163d7b0f0c0.jpg?bid=1794224424779001856
2,CJJJCWGY00032,7BFA65D8-41B6-4316-A7F4-2EB2A34CA257,1446303108815785984,CJJJCWGY00032-Seven colors-L-Battery,Seven colors-L-Battery,1.19,15.2,93.0,430,350,30,35430,0,35430,0,https://cf.cjdropshipping.com/00dee0e0-7049-48df-ad59-2163d7b0f0c0.jpg?bid=1794224424779001856
2,CJJJCWGY00032,7BFA65D8-41B6-4316-A7F4-2EB2A34CA257,1446303108861923328,CJJJCWGY00032-Seven colors-XL-Battery,Seven colors-XL-Battery,1.19,8.13,103.0,430,350,30,37366,0,37366,0,https://cf.cjdropshipping.com/00dee0e0-7049-48df-ad59-2163d7b0f0c0.jpg?bid=1794224424779001856
2,CJJJCWGY00032,7BFA65D8-41B6-4316-A7F4-2EB2A34CA257,1446303108874506240,CJJJCWGY00032-Seven colors-XS-Chargable,Seven colors-XS-Chargable,1.19,22.74,90.0,430,350,30,37855,0,37855,0,https://cf.cjdropshipping.com/00dee0e0-7049-48df-ad59-2163d7b0f0c0.jpg?bid=1794224424779001856
2,CJJJCWGY00032,7BFA65D8-41B6-4316-A7F4-2EB2A34CA257,1446303108887089152,CJJJCWGY00032-Seven colors-S-Chargable,Seven colors-S-Chargable,1.19,22.59,100.0,430,350,30,39357,8,39349,0,https://cf.cjdropshipping.com/00dee0e0-7049-48df-ad59-2163d7b0f0c0.jpg?bid=1794224424779001856
2,CJJJCWGY00032,7BFA65D8-41B6-4316-A7F4-2EB2A34CA257,1446303108899672064,CJJJCWGY00032-Seven colors-M-Chargable,Seven colors-M-Chargable,1.19,14.77,110.0,430,350,30,38874,0,38874,0,https://cf.cjdropshipping.com/00dee0e0-7049-48df-ad59-2163d7b0f0c0.jpg?bid=1794224424779001856
2,CJJJCWGY00032,7BFA65D8-41B6-4316-A7F4-2EB2A34CA257,1446303108912254976,CJJJCWGY00032-Seven colors-L-Chargable,Seven colors-L-Chargable,1.19,22.61,120.0,430,350,30,39450,4,39446,0,https://cf.cjdropshipping.com/00dee0e0-7049-48df-ad59-2163d7b0f0c0.jpg?bid=1794224424779001856
2,CJJJCWGY00032,7BFA65D8-41B6-4316-A7F4-2EB2A34CA257,1446303108929032192,CJJJCWGY00032-Seven colors-XL-Chargable,Seven colors-XL-Chargable,1.19,8.13,130.0,430,350,30,40158,0,40158,0,https://cf.cjdropshipping.com/00dee0e0-7049-48df-ad59-2163d7b0f0c0.jpg?bid=1794224424779001856
2,CJJJCWGY00032,7BFA65D8-41B6-4316-A7F4-2EB2A34CA257,15D485DC-79BC-4CE4-B428-0C0435E42185,CJJJCWGY00032-pink-S-battery,pink-S-battery,1.19,8.84,90.0,430,350,30,26554,8,26546,0,https://cf.cjdropshipping.com/15142464/1281905494128.png?bid=1794224373340057600
2,CJJJCWGY00032,7BFA65D8-41B6-4316-A7F4-2EB2A34CA257,16CFBF12-5DCC-426D-BD9E-F083AC66C271,CJJJCWGY00032-white-L-battery,white-L-battery,1.19,10.51,90.0,520,450,30,28670,0,28670,0,https://cf.cjdropshipping.com/15142464/1125666416205.png?bid=1794224436489498624
2,CJJJCWGY00032,7BFA65D8-41B6-4316-A7F4-2EB2A34CA257,16E765D2-6A38-46D8-B9D7-8A1D4192BB84,CJJJCWGY00032-orange-L-chargable,orange-L-chargable,1.19,15.47,90.0,520,450,30,28931,8,28923,0,https://cf.cjdropshipping.com/15142464/1809667867230.png?bid=1794224448250327040
2,CJJJCWGY00032,7BFA65D8-41B6-4316-A7F4-2EB2A34CA257,1832F54B-68E7-4608-A7D8-038F60AD9B8E,CJJJCWGY00032-yellow-XL-chargable,yellow-XL-chargable,1.19,8.13,90.0,600,520,30,26527,0,26527,0,https://cf.cjdropshipping.com/15142464/45607150160.png?bid=1794224459591725056
2,CJJJCWGY00032,7BFA65D8-41B6-4316-A7F4-2EB2A34CA257,19C72EF8-F2BE-4D62-B6DB-A5739C6CD1D1,CJJJCWGY00032-green-S-chargable,green-S-chargable,1.19,8.13,90.0,430,350,30,36139,0,36139,0,https://cf.cjdropshipping.com/15142464/15175963345839.png?bid=1794224470303977472
2,CJJJCWGY00032,7BFA65D8-41B6-4316-A7F4-2EB2A34CA257,1AB42068-98DF-4EC5-BAA7-01374DA35CB1,CJJJCWGY00032-white-XL-battery,white-XL-battery,1.19,10.38,90.0,600,520,30,27438,0,27438,0,https://cf.cjdropshipping.com/15142464/1125666416205.png?bid=1794224436489498624
2,CJJJCWGY00032,7BFA65D8-41B6-4316-A7F4-2EB2A34CA257,1D1CDCBE-115F-4DC5-A8B3-6B585C6FB923,CJJJCWGY00032-red-L-chargable,red-L-chargable,1.19,15.47,90.0,520,450,30,28524,4,28520,0,https://cf.cjdropshipping.com/15142464/541122193876.png?bid=1794224480923955200
2,CJJJCWGY00032,7BFA65D8-41B6-4316-A7F4-2EB2A34CA257,227C5591-3B4D-4C4C-B30C-5F671D518115,CJJJCWGY00032-white-XL-chargable,white-XL-chargable,1.19,8.13,90.0,600,520,30,27851,0,27851,0,https://cf.cjdropshipping.com/15142464/1731579679000.png?bid=1794224492923858944
2,CJJJCWGY00032,7BFA65D8-41B6-4316-A7F4-2EB2A34CA257,24F3BCB6-6ABD-4ADD-BCE2-7415E849CFC5,CJJJCWGY00032-pink-M-chargable,pink-M-chargable,1.19,11.7,90.0,480,400,30,29420,6,29414,0,https://cf.cjdropshipping.com/15142464/4154077744321.png?bid=1794224400594644992
2,CJJJCWGY00032,7BFA65D8-41B6-4316-A7F4-2EB2A34CA257,267C1795-BC6E-4B3B-AA08-AEDEFD01EDC4,CJJJCWGY00032-yellow-L-battery,yellow-L-battery,1.19,8.13,90.0,520,450,30,25232,0,25232,0,https://cf.cjdropshipping.com/15142464/3922876238320.png?bid=1794224410094743552
2,CJJJCWGY00032,7BFA65D8-41B6-4316-A7F4-2EB2A34CA257,275EEFA1-E9BF-4BF0-A1F6-A131199FD089,CJJJCWGY00032-green-XL-battery,green-XL-battery,1.19,10.38,90.0,600,520,30,28793,0,28793,0,https://cf.cjdropshipping.com/15142464/622154397070.png?bid=1794224499425026048
2,CJJJCWGY00032,7BFA65D8-41B6-4316-A7F4-2EB2A34CA257,2916CC97-E950-475A-8ECF-A3EA7D830171,CJJJCWGY00032-pink-M-battery,pink-M-battery,1.19,11.61,90.0,480,400,30,33599,7,33592,0,https://cf.cjdropshipping.com/15142464/1281905494128.png?bid=1794224373340057600
2,CJJJCWGY00032,7BFA65D8-41B6-4316-A7F4-2EB2A34CA257,2D5475A2-6099-487F-8208-7434D52589B7,CJJJCWGY00032-orange-XS-chargable,orange-XS-chargable,1.19,8.13,90.0,420,340,30,27859,1,27858,0,https://cf.cjdropshipping.com/15142464/1809667867230.png?bid=1794224448250327040
2,CJJJCWGY00032,7BFA65D8-41B6-4316-A7F4-2EB2A34CA257,303E85CC-9740-4E29-82CE-929EFB163143,CJJJCWGY00032-green-M-battery,green-M-battery,1.19,8.13,90.0,480,400,30,30022,0,30022,0,https://cf.cjdropshipping.com/15142464/622154397070.png?bid=1794224499425026048
2,CJJJCWGY00032,7BFA65D8-41B6-4316-A7F4-2EB2A34CA257,35D1A277-924B-4C05-8CA8-72FD8B2F9A48,CJJJCWGY00032-green-L-battery,green-L-battery,1.19,9.74,90.0,520,450,30,29488,6,29482,0,https://cf.cjdropshipping.com/15142464/622154397070.png?bid=1794224499425026048
2,CJJJCWGY00032,7BFA65D8-41B6-4316-A7F4-2EB2A34CA257,38D06489-FB37-483C-9AE3-413C8AE7DF5C,CJJJCWGY00032-red-XS-battery,red-XS-battery,1.19,10.62,90.0,420,340,30,26361,0,26361,0,https://cf.cjdropshipping.com/15142464/2345552578677.png?bid=1794224510279884800
2,CJJJCWGY00032,7BFA65D8-41B6-4316-A7F4-2EB2A34CA257,3985EEB4-5841-4F68-B768-8CA2E2B2C689,CJJJCWGY00032-red-M-chargable,red-M-chargable,1.19,11.83,90.0,480,400,30,29333,8,29325,0,https://cf.cjdropshipping.com/15142464/541122193876.png?bid=1794224480923955200
2,CJJJCWGY00032,7BFA65D8-41B6-4316-A7F4-2EB2A34CA257,425B0F54-5D1C-4CBC-BA71-606B7E44B18A,CJJJCWGY00032-blue-L-battery,blue-L-battery,1.19,13.62,90.0,520,450,30,30054,0,30054,0,https://cf.cjdropshipping.com/15142464/656663905260.png?bid=1794224518253260800
2,CJJJCWGY00032,7BFA65D8-41B6-4316-A7F4-2EB2A34CA257,466BC332-2C77-4451-8441-1F4AD5EC7B79,CJJJCWGY00032-orange-S-chargable,orange-S-chargable,1.19,8.13,90.0,430,350,30,29843,0,29843,0,https://cf.cjdropshipping.com/15142464/1809667867230.png?bid=1794224448250327040
2,CJJJCWGY00032,7BFA65D8-41B6-4316-A7F4-2EB2A34CA257,485E175A-E871-497D-95C4-CBF38B635525,CJJJCWGY00032-white-M-battery,white-M-battery,1.19,10.62,90.0,480,400,30,29181,0,29181,0,https://cf.cjdropshipping.com/15142464/1125666416205.png?bid=1794224436489498624
2,CJJJCWGY00032,7BFA65D8-41B6-4316-A7F4-2EB2A34CA257,4C5F4DFA-9267-4DD1-9F80-C4A0F149B0B0,CJJJCWGY00032-blue-XS-chargable,blue-XS-chargable,1.19,8.13,90.0,420,340,30,30638,0,30638,0,https://cf.cjdropshipping.com/15142464/201354268242.png?bid=1794224520744673280
2,CJJJCWGY00032,7BFA65D8-41B6-4316-A7F4-2EB2A34CA257,503A8671-1A70-477C-8F8D-E3F252D49069,CJJJCWGY00032-white-XS-chargable,white-XS-chargable,1.19,8.13,90.0,420,340,30,25176,0,25176,0,https://cf.cjdropshipping.com/15142464/1731579679000.png?bid=1794224492923858944
2,CJJJCWGY00032,7BFA65D8-41B6-4316-A7F4-2EB2A34CA257,55CEC965-71D1-40C6-9A1E-814E9B8D03D9,CJJJCWGY00032-white-XS-battery,white-XS-battery,1.19,8.13,60.0,420,340,30,31101,0,31101,0,https://cf.cjdropshipping.com/15142464/1125666416205.png?bid=1794224436489498624
2,CJJJCWGY00032,7BFA65D8-41B6-4316-A7F4-2EB2A34CA257,586ED315-0965-42A2-98FD-723EA81D0594,CJJJCWGY00032-yellow-XS-battery,yellow-XS-battery,1.19,17.88,90.0,420,340,30,29813,0,29813,0,https://cf.cjdropshipping.com/15142464/3922876238320.png?bid=1794224410094743552
2,CJJJCWGY00032,7BFA65D8-41B6-4316-A7F4-2EB2A34CA257,59ABAF7D-3FEC-475E-A5B6-B3289A213F02,CJJJCWGY00032-blue-M-battery,blue-M-battery,1.19,9.74,90.0,480,400,30,23161,15,23146,0,https://cf.cjdropshipping.com/15142464/656663905260.png?bid=1794224518253260800
2,CJJJCWGY00032,7BFA65D8-41B6-4316-A7F4-2EB2A34CA257,614EDBBE-4E24-4DE4-951C-24B9F24EF9A4,CJJJCWGY00032-yellow-S-battery,yellow-S-battery,1.19,18.24,59.0,430,350,30,31330,0,31330,0,https://cf.cjdropshipping.com/15142464/3922876238320.png?bid=1794224410094743552
2,CJJJCWGY00032,7BFA65D8-41B6-4316-A7F4-2EB2A34CA257,63C85BB7-E1FA-4E18-8267-336F40AF4E2D,CJJJCWGY00032-green-XL-chargable,green-XL-chargable,1.19,13.45,90.0,600,520,30,31037,8,31029,0,https://cf.cjdropshipping.com/15142464/15175963345839.png?bid=1794224470303977472
2,CJJJCWGY00032,7BFA65D8-41B6-4316-A7F4-2EB2A34CA257,67B3AC88-0FC0-4CB6-82FC-A5F2E6764666,CJJJCWGY00032-red-S-chargable,red-S-chargable,1.19,8.13,90.0,430,350,30,28977,7,28970,0,https://cf.cjdropshipping.com/15142464/541122193876.png?bid=1794224480923955200
2,CJJJCWGY00032,7BFA65D8-41B6-4316-A7F4-2EB2A34CA257,69099206-3263-4255-AE18-8E8E4F8D8F40,CJJJCWGY00032-white-S-chargable,white-S-chargable,1.19,22.81,90.0,430,350,30,27303,0,27303,0,https://cf.cjdropshipping.com/15142464/1731579679000.png?bid=1794224492923858944
2,CJJJCWGY00032,7BFA65D8-41B6-4316-A7F4-2EB2A34CA257,6A6AEFAE-4BBB-4C2D-A22F-80A58F96A574,CJJJCWGY00032-green-L-chargable,green-L-chargable,1.19,16.06,90.0,520,450,30,29212,6,29206,0,https://cf.cjdropshipping.com/15142464/15175963345839.png?bid=1794224470303977472
2,CJJJCWGY00032,7BFA65D8-41B6-4316-A7F4-2EB2A34CA257,6AD0C128-6F57-4CA0-A6D4-7087526FBFE0,CJJJCWGY00032-orange-S-battery,orange-S-battery,1.19,8.13,90.0,430,350,30,29152,0,29152,0,https://cf.cjdropshipping.com/15142464/1207002688352.png?bid=1794224387999150080
2,CJJJCWGY00032,7BFA65D8-41B6-4316-A7F4-2EB2A34CA257,6BB76396-FE40-483C-97A5-5508DAEC33AB,CJJJCWGY00032-green-S-battery,green-S-battery,1.19,8.63,55.0,430,350,30,28337,0,28337,0,https://cf.cjdropshipping.com/15142464/622154397070.png?bid=1794224499425026048
2,CJJJCWGY00032,7BFA65D8-41B6-4316-A7F4-2EB2A34CA257,6E12E245-F2BF-4CD7-8FBA-B531F7DFE0AF,CJJJCWGY00032-blue-XS-battery,blue-XS-battery,1.19,14.7,90.0,420,340,30,27332,0,27332,0,https://cf.cjdropshipping.com/15142464/656663905260.png?bid=1794224518253260800
2,CJJJCWGY00032,7BFA65D8-41B6-4316-A7F4-2EB2A34CA257,71176BF8-A838-4194-8761-32E220950854,CJJJCWGY00032-yellow-M-battery,yellow-M-battery,1.19,8.13,90.0,480,400,30,27225,0,27225,0,https://cf.cjdropshipping.com/15142464/3922876238320.png?bid=1794224410094743552
2,CJJJCWGY00032,7BFA65D8-41B6-4316-A7F4-2EB2A34CA257,720425EC-9DAE-4335-9C23-A4EC9CDD9B74,CJJJCWGY00032-green-XS-chargable,green-XS-chargable,1.19,12.68,90.0,420,340,30,32681,1,32680,0,https://cf.cjdropshipping.com/15142464/15175963345839.png?bid=1794224470303977472
2,CJJJCWGY00032,7BFA65D8-41B6-4316-A7F4-2EB2A34CA257,725B632F-2FC2-475D-A96B-8B9A9EBDFB93,CJJJCWGY00032-blue-XL-chargable,blue-XL-chargable,1.19,13.45,90.0,600,520,30,33060,0,33060,0,https://cf.cjdropshipping.com/15142464/201354268242.png?bid=1794224520744673280
2,CJJJCWGY00032,7BFA65D8-41B6-4316-A7F4-2EB2A34CA257,75F16979-6378-468A-8FE9-0641BC543648,CJJJCWGY00032-green-XS-battery,green-XS-battery,1.19,16.69,90.0,420,340,30,30874,1,30873,0,https://cf.cjdropshipping.com/15142464/622154397070.png?bid=1794224499425026048
2,CJJJCWGY00032,7BFA65D8-41B6-4316-A7F4-2EB2A34CA257,77BC7134-EC3A-470B-9EF2-F1A5137D27C4,CJJJCWGY00032-orange-L-battery,orange-L-battery,1.19,13.62,90.0,520,450,30,27100,0,27100,0,https://cf.cjdropshipping.com/15142464/1207002688352.png?bid=1794224387999150080
2,CJJJCWGY00032,7BFA65D8-41B6-4316-A7F4-2EB2A34CA257,7DA9DC79-E32C-4923-AF76-13D0453CFE3C,CJJJCWGY00032-red-XS-chargable,red-XS-chargable,1.19,8.13,90.0,420,340,30,34830,0,34830,0,https://cf.cjdropshipping.com/15142464/541122193876.png?bid=1794224480923955200
2,CJJJCWGY00032,7BFA65D8-41B6-4316-A7F4-2EB2A34CA257,82C88406-A887-4DBB-A6A2-20CB5D1DDC95,CJJJCWGY00032-pink-XL-chargable,pink-XL-chargable,1.19,13.45,90.0,600,520,30,32924,6,32918,0,https://cf.cjdropshipping.com/15142464/4154077744321.png?bid=1794224400594644992
2,CJJJCWGY00032,7BFA65D8-41B6-4316-A7F4-2EB2A34CA257,84E226C4-EB11-4DCD-95D1-B73D6A9A049E,CJJJCWGY00032-blue-M-chargable,blue-M-chargable,1.19,8.13,90.0,480,400,30,35776,4,35772,0,https://cf.cjdropshipping.com/15142464/201354268242.png?bid=1794224520744673280
2,CJJJCWGY00032,7BFA65D8-41B6-4316-A7F4-2EB2A34CA257,854C8F30-31AB-4CFF-A5A8-3D88D6BCD362,CJJJCWGY00032-pink-XS-battery,pink-XS-battery,1.19,15.47,90.0,420,340,30,33221,0,33221,0,https://cf.cjdropshipping.com/15142464/1281905494128.png?bid=1794224373340057600
2,CJJJCWGY00032,7BFA65D8-41B6-4316-A7F4-2EB2A34CA257,903FBBD6-E629-45FB-A8F4-F9B3966D1B04,CJJJCWGY00032-blue-XL-battery,blue-XL-battery,1.19,10.38,90.0,600,520,30,30202,7,30195,0,https://cf.cjdropshipping.com/15142464/656663905260.png?bid=1794224518253260800
2,CJJJCWGY00032,7BFA65D8-41B6-4316-A7F4-2EB2A34CA257,9BC95837-FB89-438C-9837-3B62B9A0F7BE,CJJJCWGY00032-yellow-S-chargable,yellow-S-chargable,1.19,8.44,90.0,430,350,30,28623,0,28623,0,https://cf.cjdropshipping.com/15142464/45607150160.png?bid=1794224459591725056
2,CJJJCWGY00032,7BFA65D8-41B6-4316-A7F4-2EB2A34CA257,9BFAA894-78AF-4D54-B9ED-3C3277B2EF33,CJJJCWGY00032-pink-L-battery,pink-L-battery,1.19,8.13,90.0,520,450,30,29631,0,29631,0,https://cf.cjdropshipping.com/15142464/1281905494128.png?bid=1794224373340057600
2,CJJJCWGY00032,7BFA65D8-41B6-4316-A7F4-2EB2A34CA257,9EA07252-AB1D-4DC0-B518-DAA2DC6C2D37,CJJJCWGY00032-orange-M-chargable,orange-M-chargable,1.19,8.13,90.0,480,400,30,25100,0,25100,0,https://cf.cjdropshipping.com/15142464/1809667867230.png?bid=1794224448250327040
2,CJJJCWGY00032,7BFA65D8-41B6-4316-A7F4-2EB2A34CA257,A74452AA-CCF4-431C-B73D-D98F243410DD,CJJJCWGY00032-red-L-battery,red-L-battery,1.19,16.92,90.0,520,450,30,31829,0,31829,0,https://cf.cjdropshipping.com/15142464/2345552578677.png?bid=1794224510279884800
2,CJJJCWGY00032,7BFA65D8-41B6-4316-A7F4-2EB2A34CA257,A8358A3E-BD78-4E96-BCC9-F2E733DEDF38,CJJJCWGY00032-white-S-battery,white-S-battery,1.19,8.13,90.0,430,350,30,27144,0,27144,0,https://cf.cjdropshipping.com/15142464/1125666416205.png?bid=1794224436489498624
2,CJJJCWGY00032,7BFA65D8-41B6-4316-A7F4-2EB2A34CA257,A8D99AF9-333C-4629-86B1-875F45D91D39,CJJJCWGY00032-green-M-chargable,green-M-chargable,1.19,10.83,90.0,480,400,30,35977,1,35976,0,https://cf.cjdropshipping.com/15142464/15175963345839.png?bid=1794224470303977472
2,CJJJCWGY00032,7BFA65D8-41B6-4316-A7F4-2EB2A34CA257,BD13189A-3206-479D-88A5-A3F5747ECED8,CJJJCWGY00032-blue-S-battery,blue-S-battery,1.19,10.62,90.0,430,350,30,32304,2,32302,0,https://cf.cjdropshipping.com/15142464/656663905260.png?bid=1794224518253260800
2,CJJJCWGY00032,7BFA65D8-41B6-4316-A7F4-2EB2A34CA257,BF142CBC-6781-4993-BBAB-A19079E57C72,CJJJCWGY00032-yellow-L-chargable,yellow-L-chargable,1.19,10.62,90.0,520,450,30,27095,0,27095,0,https://cf.cjdropshipping.com/15142464/45607150160.png?bid=1794224459591725056
2,CJJJCWGY00032,7BFA65D8-41B6-4316-A7F4-2EB2A34CA257,C31437C6-B279-441F-A3CB-089519E5D73A,CJJJCWGY00032-orange-XL-chargable,orange-XL-chargable,1.19,10.38,90.0,600,520,30,31552,9,31543,0,https://cf.cjdropshipping.com/15142464/1809667867230.png?bid=1794224448250327040
2,CJJJCWGY00032,7BFA65D8-41B6-4316-A7F4-2EB2A34CA257,C5DC44AD-A03F-439C-857D-3C75F280D9E5,CJJJCWGY00032-blue-S-chargable,blue-S-chargable,1.19,8.13,90.0,430,350,30,32266,7,32259,0,https://cf.cjdropshipping.com/15142464/201354268242.png?bid=1794224520744673280
2,CJJJCWGY00032,7BFA65D8-41B6-4316-A7F4-2EB2A34CA257,C5EBB745-8485-4880-8321-1BDD203FAB0D,CJJJCWGY00032-white-M-chargable,white-M-chargable,1.19,8.13,90.0,480,400,30,27275,0,27275,0,https://cf.cjdropshipping.com/15142464/1731579679000.png?bid=1794224492923858944
2,CJJJCWGY00032,7BFA65D8-41B6-4316-A7F4-2EB2A34CA257,CA8129CA-261E-46A3-9088-1E2C2936BD93,CJJJCWGY00032-yellow-XS-chargable,yellow-XS-chargable,1.19,8.13,90.0,420,340,30,30943,0,30943,0,https://cf.cjdropshipping.com/15142464/45607150160.png?bid=1794224459591725056
2,CJJJCWGY00032,7BFA65D8-41B6-4316-A7F4-2EB2A34CA257,CB7653BF-5D25-4C28-B343-0BE2444E10EC,CJJJCWGY00032-blue-L-chargable,blue-L-chargable,1.19,15.47,90.0,520,450,30,34856,0,34856,0,https://cf.cjdropshipping.com/15142464/201354268242.png?bid=1794224520744673280
2,CJJJCWGY00032,7BFA65D8-41B6-4316-A7F4-2EB2A34CA257,CBD0FEB4-D133-47EC-8B71-9F65EECA6E08,CJJJCWGY00032-red-XL-battery,red-XL-battery,1.19,11.39,90.0,600,520,30,27579,9,27570,0,https://cf.cjdropshipping.com/15142464/2345552578677.png?bid=1794224510279884800
2,CJJJCWGY00032,7BFA65D8-41B6-4316-A7F4-2EB2A34CA257,CD3E4234-F546-45FF-BDEF-AD25B283B54C,CJJJCWGY00032-red-S-battery,red-S-battery,1.19,10.62,90.0,430,350,30,30956,0,30956,0,https://cf.cjdropshipping.com/15142464/2345552578677.png?bid=1794224510279884800
2,CJJJCWGY00032,7BFA65D8-41B6-4316-A7F4-2EB2A34CA257,CEE17E1F-B86C-46C5-9952-4FDDF093460C,CJJJCWGY00032-red-XL-chargable,red-XL-chargable,1.19,10.07,90.0,600,520,30,23174,0,23174,0,https://cf.cjdropshipping.com/15142464/541122193876.png?bid=1794224480923955200
2,CJJJCWGY00032,7BFA65D8-41B6-4316-A7F4-2EB2A34CA257,D008CB4B-330F-420D-AE47-F4648C5B1A31,CJJJCWGY00032-yellow-M-chargable,yellow-M-chargable,1.19,8.13,90.0,480,400,30,29924,0,29924,0,https://cf.cjdropshipping.com/15142464/45607150160.png?bid=1794224459591725056
2,CJJJCWGY00032,7BFA65D8-41B6-4316-A7F4-2EB2A34CA257,D508B2B4-719A-47AA-A082-1A02B7DC01F2,CJJJCWGY00032-orange-M-battery,orange-M-battery,1.19,11.61,90.0,480,400,30,29374,1,29373,0,https://cf.cjdropshipping.com/15142464/1207002688352.png?bid=1794224387999150080
2,CJJJCWGY00032,7BFA65D8-41B6-4316-A7F4-2EB2A34CA257,D856B0CA-6AD2-40CD-BC27-2116FA4C1CE4,CJJJCWGY00032-red-M-battery,red-M-battery,1.19,11.61,90.0,480,400,30,26385,9,26376,0,https://cf.cjdropshipping.com/15142464/2345552578677.png?bid=1794224510279884800
2,CJJJCWGY00032,7BFA65D8-41B6-4316-A7F4-2EB2A34CA257,D9452C38-1DA3-4734-A2DF-9CE9C40F46B1,CJJJCWGY00032-orange-XS-battery,orange-XS-battery,1.19,8.13,58.0,420,340,30,34816,0,34816,0,https://cf.cjdropshipping.com/15142464/1207002688352.png?bid=1794224387999150080
2,CJJJCWGY00032,7BFA65D8-41B6-4316-A7F4-2EB2A34CA257,F1414CA1-9747-4B79-BD7C-EAB33573E744,CJJJCWGY00032-pink-S-chargable,pink-S-chargable,1.19,10.82,90.0,430,350,30,30654,7,30647,0,https://cf.cjdropshipping.com/15142464/4154077744321.png?bid=1794224400594644992
2,CJJJCWGY00032,7BFA65D8-41B6-4316-A7F4-2EB2A34CA257,FBAFC01B-F38F-4398-A417-9BCE19C57D61,CJJJCWGY00032-white-L-chargable,white-L-chargable,1.19,11.41,90.0,520,450,30,27066,0,27066,0,https://cf.cjdropshipping.com/15142464/1731579679000.png?bid=1794224492923858944
3,CJJJCWGY02126,9C9F01ED-139B-473F-A920-5514E67CBB56,060B00DD-C756-41AD-81F2-56888F2F4820,CJJJCWGY02126-Blue-L,Blue-L,0.92,6.29,58.0,180,230,40,12904,0,12904,0,https://cf.cjdropshipping.com/20200626/872416215279.jpg
3,CJJJCWGY02126,9C9F01ED-139B-473F-A920-5514E67CBB56,1C0EF462-8838-480B-AC59-0A4AF42182C1,CJJJCWGY02126-Black-M,Black-M,0.78,5.33,48.0,180,230,40,13578,11,13567,6,https://cf.cjdropshipping.com/20200626/1718924536916.jpg
3,CJJJCWGY02126,9C9F01ED-139B-473F-A920-5514E67CBB56,1EF8E434-799E-4863-9481-9D73CEF0FC90,CJJJCWGY02126-Blue-XS,Blue-XS,0.57,3.9,28.0,180,230,40,13682,11,13671,0,https://cf.cjdropshipping.com/20200626/872416215279.jpg
3,CJJJCWGY02126,9C9F01ED-139B-473F-A920-5514E67CBB56,2406220642071606900,CJJJCWGY02126-Blue-XL,Blue-XL,0.9,6.15,60.0,180,230,40,11016,0,11016,0,https://cf.cjdropshipping.com/20200626/872416215279.jpg
3,CJJJCWGY02126,9C9F01ED-139B-473F-A920-5514E67CBB56,2406220642071607100,CJJJCWGY02126-Red-XL,Red-XL,0.9,6.15,60.0,180,230,40,14181,0,14181,0,https://cf.cjdropshipping.com/20200626/838511806837.jpg
3,CJJJCWGY02126,9C9F01ED-139B-473F-A920-5514E67CBB56,2512091125151638100,CJJJCWGY02126-Set-L,Set-L,5.52,37.71,304.0,250,180,80,7605,0,7605,0,https://cf.cjdropshipping.com/20200626/19693301359734.png
3,CJJJCWGY02126,9C9F01ED-139B-473F-A920-5514E67CBB56,2512091125151638300,CJJJCWGY02126-Set-M,Set-M,4.68,31.97,250.0,250,180,80,5285,0,5285,0,https://cf.cjdropshipping.com/20200626/19693301359734.png
3,CJJJCWGY02126,9C9F01ED-139B-473F-A920-5514E67CBB56,2512091125151638400,CJJJCWGY02126-Set-S,Set-S,3.86,26.37,189.0,250,180,80,5155,0,5155,0,https://cf.cjdropshipping.com/20200626/19693301359734.png
3,CJJJCWGY02126,9C9F01ED-139B-473F-A920-5514E67CBB56,2512091125151638600,CJJJCWGY02126-Set-Xs,Set-Xs,3.44,23.5,136.0,250,180,80,8399,0,8399,0,https://cf.cjdropshipping.com/20200626/19693301359734.png
3,CJJJCWGY02126,9C9F01ED-139B-473F-A920-5514E67CBB56,28F8103D-7D3E-4464-AB99-0F6E1F90DBAE,CJJJCWGY02126-Red-S,Red-S,0.63,4.31,38.0,180,230,40,14383,0,14383,12,https://cf.cjdropshipping.com/20200626/838511806837.jpg
3,CJJJCWGY02126,9C9F01ED-139B-473F-A920-5514E67CBB56,2E8FB0FB-5864-46F1-9BDD-823465756F61,CJJJCWGY02126-Orange-L,Orange-L,0.92,6.29,58.0,180,230,40,11769,0,11769,9,https://cf.cjdropshipping.com/20200626/18899996785.jpg
3,CJJJCWGY02126,9C9F01ED-139B-473F-A920-5514E67CBB56,36CE5F24-9CF5-4020-8490-95AF12395F50,CJJJCWGY02126-Green-M,Green-M,0.78,5.33,48.0,180,230,40,10432,0,10432,0,https://cf.cjdropshipping.com/20200626/120824377481.jpg
3,CJJJCWGY02126,9C9F01ED-139B-473F-A920-5514E67CBB56,46225993-D5CF-432F-96DA-DD55CB3BDB49,CJJJCWGY02126-Orange-XS,Orange-XS,0.57,3.9,28.0,180,230,40,14059,0,14059,0,https://cf.cjdropshipping.com/20200626/18899996785.jpg
3,CJJJCWGY02126,9C9F01ED-139B-473F-A920-5514E67CBB56,4857ED45-29BC-46B2-B611-4DEB8CC212A8,CJJJCWGY02126-Green-S,Green-S,0.65,4.44,38.0,180,230,40,13716,0,13716,0,https://cf.cjdropshipping.com/20200626/120824377481.jpg
3,CJJJCWGY02126,9C9F01ED-139B-473F-A920-5514E67CBB56,4CFD532E-F1DE-43EA-AEB3-6C978E12DBA8,CJJJCWGY02126-Green-XS,Green-XS,0.57,3.9,28.0,180,230,40,12305,0,12305,11,https://cf.cjdropshipping.com/20200626/120824377481.jpg
3,CJJJCWGY02126,9C9F01ED-139B-473F-A920-5514E67CBB56,5A5C2CC7-859F-4A82-945E-AFF6437E5B46,CJJJCWGY02126-Pink-S,Pink-S,0.65,4.44,38.0,180,230,40,12491,1,12490,0,https://cf.cjdropshipping.com/20200626/1450666173449.jpg
3,CJJJCWGY02126,9C9F01ED-139B-473F-A920-5514E67CBB56,68CC02D6-B1A4-4EB9-BBDE-22FA7425C1CD,CJJJCWGY02126-Black-S,Black-S,0.65,4.44,38.0,180,230,40,13505,0,13505,7,https://cf.cjdropshipping.com/20200626/1718924536916.jpg
3,CJJJCWGY02126,9C9F01ED-139B-473F-A920-5514E67CBB56,991892EB-AE11-4FBE-841D-8EF5F1A4D074,CJJJCWGY02126-Orange-S,Orange-S,0.63,4.31,38.0,180,230,40,11731,0,11731,9,https://cf.cjdropshipping.com/20200626/18899996785.jpg
3,CJJJCWGY02126,9C9F01ED-139B-473F-A920-5514E67CBB56,9EC8FE61-FF4E-4DC1-82B5-E19A58ADDCD9,CJJJCWGY02126-Pink-L,Pink-L,0.92,6.29,58.0,180,230,40,14915,0,14915,0,https://cf.cjdropshipping.com/20200626/1450666173449.jpg
3,CJJJCWGY02126,9C9F01ED-139B-473F-A920-5514E67CBB56,A322A589-F7E5-4D9A-9BCC-75586DB3EE2B,CJJJCWGY02126-Green-L,Green-L,0.92,6.29,58.0,180,230,40,12374,0,12374,1,https://cf.cjdropshipping.com/20200626/120824377481.jpg
3,CJJJCWGY02126,9C9F01ED-139B-473F-A920-5514E67CBB56,BBE3CEEE-E00A-466A-A783-0E5EFB92AFB9,CJJJCWGY02126-Red-M,Red-M,0.78,5.33,48.0,180,230,40,10678,0,10678,0,https://cf.cjdropshipping.com/20200626/838511806837.jpg
3,CJJJCWGY02126,9C9F01ED-139B-473F-A920-5514E67CBB56,C6AA537A-70D6-48E9-81AD-A7AA050B7543,CJJJCWGY02126-Red-L,Red-L,0.92,6.29,58.0,180,230,40,13227,0,13227,0,https://cf.cjdropshipping.com/20200626/838511806837.jpg
3,CJJJCWGY02126,9C9F01ED-139B-473F-A920-5514E67CBB56,C8EA1CA5-BBF9-4B72-8F9C-C23F6BAC86AF,CJJJCWGY02126-Blue-M,Blue-M,0.78,5.33,48.0,180,230,40,11544,0,11544,0,https://cf.cjdropshipping.com/20200626/872416215279.jpg
3,CJJJCWGY02126,9C9F01ED-139B-473F-A920-5514E67CBB56,D0D9B97A-7659-4B07-B4DD-484342EA9F71,CJJJCWGY02126-Blue-S,Blue-S,0.65,4.44,38.0,180,230,40,13715,0,13715,0,https://cf.cjdropshipping.com/20200626/872416215279.jpg
3,CJJJCWGY02126,9C9F01ED-139B-473F-A920-5514E67CBB56,DB9E081F-F56C-4AE6-A646-2004187561E6,CJJJCWGY02126-Red-XS,Red-XS,0.59,4.03,28.0,180,230,40,13036,0,13036,0,https://cf.cjdropshipping.com/20200626/838511806837.jpg
3,CJJJCWGY02126,9C9F01ED-139B-473F-A920-5514E67CBB56,DD449620-88DA-46F1-977F-C63381C395CC,CJJJCWGY02126-Pink-XS,Pink-XS,0.57,3.9,28.0,180,230,40,11661,4,11657,4,https://cf.cjdropshipping.com/20200626/1450666173449.jpg
3,CJJJCWGY02126,9C9F01ED-139B-473F-A920-5514E67CBB56,DEA7DBE3-50E3-4F08-B04C-A102641BF459,CJJJCWGY02126-Black-L,Black-L,0.92,6.29,58.0,180,230,40,14457,0,14457,0,https://cf.cjdropshipping.com/20200626/1718924536916.jpg
3,CJJJCWGY02126,9C9F01ED-139B-473F-A920-5514E67CBB56,DFC7A555-A07E-4A98-9860-2D7DCEC5728A,CJJJCWGY02126-Pink-M,Pink-M,0.78,5.33,48.0,180,230,40,11023,0,11023,0,https://cf.cjdropshipping.com/20200626/1450666173449.jpg
3,CJJJCWGY02126,9C9F01ED-139B-473F-A920-5514E67CBB56,E303D885-8106-4622-8071-F20BA1E5283E,CJJJCWGY02126-Orange-M,Orange-M,0.78,5.33,48.0,180,230,40,11932,0,11932,0,https://cf.cjdropshipping.com/20200626/18899996785.jpg
3,CJJJCWGY02126,9C9F01ED-139B-473F-A920-5514E67CBB56,EE857DCA-16E6-4F8A-A184-63E002DAB4E7,CJJJCWGY02126-Black-XS,Black-XS,0.57,3.9,28.0,180,230,40,10009,1,10008,9,https://cf.cjdropshipping.com/20200626/1718924536916.jpg
4,CJJJCWGY00418,91FDF3BC-C202-4349-A495-E383C00F7521,1777583566797414400,CJJJCWGY00418-Blue-S Charging,Blue-S Charging,1.51,13.64,85.0,180,100,30,12678,0,12678,0,https://oss-cf.cjdropshipping.com/product/2024/04/09/06/6cd783e7-dae6-4391-9768-e0336ed5519c.jpg
4,CJJJCWGY00418,91FDF3BC-C202-4349-A495-E383C00F7521,1777583566868717568,CJJJCWGY00418-Blue-M Charging,Blue-M Charging,1.51,10.32,85.0,180,100,30,12396,0,12396,0,https://oss-cf.cjdropshipping.com/product/2024/04/09/06/6cd783e7-dae6-4391-9768-e0336ed5519c.jpg
4,CJJJCWGY00418,91FDF3BC-C202-4349-A495-E383C00F7521,1777583566931632128,CJJJCWGY00418-Blue-L Charging,Blue-L Charging,1.51,10.32,85.0,180,100,30,13156,0,13156,0,https://oss-cf.cjdropshipping.com/product/2024/04/09/06/6cd783e7-dae6-4391-9768-e0336ed5519c.jpg
4,CJJJCWGY00418,91FDF3BC-C202-4349-A495-E383C00F7521,1777583566990352384,CJJJCWGY00418-Blue-XL Charging,Blue-XL Charging,1.51,10.32,85.0,180,100,30,13595,0,13595,0,https://oss-cf.cjdropshipping.com/product/2024/04/09/06/6cd783e7-dae6-4391-9768-e0336ed5519c.jpg
4,CJJJCWGY00418,91FDF3BC-C202-4349-A495-E383C00F7521,1777583567053266944,CJJJCWGY00418-Green-S Charging,Green-S Charging,1.51,10.32,85.0,180,100,30,14682,0,14682,0,https://oss-cf.cjdropshipping.com/product/2024/04/09/06/1d1b16e3-06b6-4f17-8ea4-e3288e0c01fd.jpg
4,CJJJCWGY00418,91FDF3BC-C202-4349-A495-E383C00F7521,1777583567116181504,CJJJCWGY00418-Green-M Charging,Green-M Charging,1.51,10.32,85.0,180,100,30,11337,0,11337,0,https://oss-cf.cjdropshipping.com/product/2024/04/09/06/1d1b16e3-06b6-4f17-8ea4-e3288e0c01fd.jpg
4,CJJJCWGY00418,91FDF3BC-C202-4349-A495-E383C00F7521,1777583567174901760,CJJJCWGY00418-Green-L Charging,Green-L Charging,1.51,10.32,85.0,180,100,30,11380,0,11380,0,https://oss-cf.cjdropshipping.com/product/2024/04/09/06/1d1b16e3-06b6-4f17-8ea4-e3288e0c01fd.jpg
4,CJJJCWGY00418,91FDF3BC-C202-4349-A495-E383C00F7521,1777583567233622016,CJJJCWGY00418-Green-XL Charging,Green-XL Charging,1.51,10.32,85.0,180,100,30,12176,0,12176,0,https://oss-cf.cjdropshipping.com/product/2024/04/09/06/1d1b16e3-06b6-4f17-8ea4-e3288e0c01fd.jpg
4,CJJJCWGY00418,91FDF3BC-C202-4349-A495-E383C00F7521,1777583567292342272,CJJJCWGY00418-Orange-S Charging,Orange-S Charging,1.51,10.32,85.0,180,100,30,10072,0,10072,0,https://oss-cf.cjdropshipping.com/product/2024/04/09/06/306a9553-2ba0-4d96-9d2d-81872a12554d.jpg
4,CJJJCWGY00418,91FDF3BC-C202-4349-A495-E383C00F7521,1777583567351062528,CJJJCWGY00418-Orange-M Charging,Orange-M Charging,1.51,10.32,85.0,180,100,30,13628,0,13628,0,https://oss-cf.cjdropshipping.com/product/2024/04/09/06/306a9553-2ba0-4d96-9d2d-81872a12554d.jpg
4,CJJJCWGY00418,91FDF3BC-C202-4349-A495-E383C00F7521,1777583567409782784,CJJJCWGY00418-Orange-L Charging,Orange-L Charging,1.51,10.32,85.0,180,100,30,14913,0,14913,0,https://oss-cf.cjdropshipping.com/product/2024/04/09/06/306a9553-2ba0-4d96-9d2d-81872a12554d.jpg
4,CJJJCWGY00418,91FDF3BC-C202-4349-A495-E383C00F7521,1777583567468503040,CJJJCWGY00418-Orange-XL Charging,Orange-XL Charging,1.51,10.32,85.0,180,100,30,12621,0,12621,0,https://oss-cf.cjdropshipping.com/product/2024/04/09/06/306a9553-2ba0-4d96-9d2d-81872a12554d.jpg
4,CJJJCWGY00418,91FDF3BC-C202-4349-A495-E383C00F7521,1777583567531417600,CJJJCWGY00418-Pink-S Charging,Pink-S Charging,1.51,10.32,85.0,180,100,30,14938,0,14938,0,https://oss-cf.cjdropshipping.com/product/2024/04/09/06/46c833dc-bc08-4a89-bd75-63511b586cef.jpg
4,CJJJCWGY00418,91FDF3BC-C202-4349-A495-E383C00F7521,1777583567598526464,CJJJCWGY00418-Pink-M Charging,Pink-M Charging,1.51,10.32,85.0,180,100,30,10940,0,10940,0,https://oss-cf.cjdropshipping.com/product/2024/04/09/06/46c833dc-bc08-4a89-bd75-63511b586cef.jpg
4,CJJJCWGY00418,91FDF3BC-C202-4349-A495-E383C00F7521,1777583567661441024,CJJJCWGY00418-Pink-L Charging,Pink-L Charging,1.51,10.32,85.0,180,100,30,11444,0,11444,0,https://oss-cf.cjdropshipping.com/product/2024/04/09/06/46c833dc-bc08-4a89-bd75-63511b586cef.jpg
4,CJJJCWGY00418,91FDF3BC-C202-4349-A495-E383C00F7521,1777583567732744192,CJJJCWGY00418-Pink-XL Charging,Pink-XL Charging,1.51,10.32,85.0,180,100,30,14425,1,14424,0,https://oss-cf.cjdropshipping.com/product/2024/04/09/06/46c833dc-bc08-4a89-bd75-63511b586cef.jpg
4,CJJJCWGY00418,91FDF3BC-C202-4349-A495-E383C00F7521,1777583567791464448,CJJJCWGY00418-Red-S Charging,Red-S Charging,1.51,10.32,85.0,180,100,30,13500,0,13500,0,https://oss-cf.cjdropshipping.com/product/2024/04/09/06/688439db-0218-449b-ade6-fe3db0d003b8.jpg
4,CJJJCWGY00418,91FDF3BC-C202-4349-A495-E383C00F7521,1777583567850184704,CJJJCWGY00418-Red-M Charging,Red-M Charging,1.51,10.32,85.0,180,100,30,11134,0,11134,0,https://oss-cf.cjdropshipping.com/product/2024/04/09/06/688439db-0218-449b-ade6-fe3db0d003b8.jpg
4,CJJJCWGY00418,91FDF3BC-C202-4349-A495-E383C00F7521,1777583567913099264,CJJJCWGY00418-Red-L Charging,Red-L Charging,1.51,10.32,85.0,180,100,30,11451,0,11451,0,https://oss-cf.cjdropshipping.com/product/2024/04/09/06/688439db-0218-449b-ade6-fe3db0d003b8.jpg
4,CJJJCWGY00418,91FDF3BC-C202-4349-A495-E383C00F7521,1777583567971819520,CJJJCWGY00418-Red-XL Charging,Red-XL Charging,1.51,10.32,85.0,180,100,30,12143,0,12143,0,https://oss-cf.cjdropshipping.com/product/2024/04/09/06/688439db-0218-449b-ade6-fe3db0d003b8.jpg
4,CJJJCWGY00418,91FDF3BC-C202-4349-A495-E383C00F7521,1777583568038928384,CJJJCWGY00418-White-S Charging,White-S Charging,1.51,13.58,85.0,180,100,30,13234,0,13234,0,https://oss-cf.cjdropshipping.com/product/2024/04/09/06/dc253829-5277-47f0-920c-3eaa938674eb.jpg
4,CJJJCWGY00418,91FDF3BC-C202-4349-A495-E383C00F7521,1777583568097648640,CJJJCWGY00418-White-M Charging,White-M Charging,1.51,10.32,85.0,180,100,30,11521,0,11521,0,https://oss-cf.cjdropshipping.com/product/2024/04/09/06/dc253829-5277-47f0-920c-3eaa938674eb.jpg
4,CJJJCWGY00418,91FDF3BC-C202-4349-A495-E383C00F7521,1777583568160563200,CJJJCWGY00418-White-L Charging,White-L Charging,1.51,11.61,85.0,180,100,30,13655,0,13655,0,https://oss-cf.cjdropshipping.com/product/2024/04/09/06/dc253829-5277-47f0-920c-3eaa938674eb.jpg
4,CJJJCWGY00418,91FDF3BC-C202-4349-A495-E383C00F7521,1777583568219283456,CJJJCWGY00418-White-XL Charging,White-XL Charging,1.51,10.32,85.0,180,100,30,13364,0,13364,0,https://oss-cf.cjdropshipping.com/product/2024/04/09/06/dc253829-5277-47f0-920c-3eaa938674eb.jpg
4,CJJJCWGY00418,91FDF3BC-C202-4349-A495-E383C00F7521,1777583568278003712,CJJJCWGY00418-Yellow-S Charging,Yellow-S Charging,1.51,10.32,85.0,180,100,30,12337,0,12337,0,https://oss-cf.cjdropshipping.com/product/2024/04/09/06/7810dfa6-2d1b-4005-b5b6-ddb96724224d.jpg
4,CJJJCWGY00418,91FDF3BC-C202-4349-A495-E383C00F7521,1777583568340918272,CJJJCWGY00418-Yellow-M Charging,Yellow-M Charging,1.51,10.32,85.0,180,100,30,13619,0,13619,0,https://oss-cf.cjdropshipping.com/product/2024/04/09/06/7810dfa6-2d1b-4005-b5b6-ddb96724224d.jpg
4,CJJJCWGY00418,91FDF3BC-C202-4349-A495-E383C00F7521,1777583568403832832,CJJJCWGY00418-Yellow-L Charging,Yellow-L Charging,1.51,10.32,85.0,180,100,30,12351,0,12351,0,https://oss-cf.cjdropshipping.com/product/2024/04/09/06/7810dfa6-2d1b-4005-b5b6-ddb96724224d.jpg
4,CJJJCWGY00418,91FDF3BC-C202-4349-A495-E383C00F7521,1777583568470941696,CJJJCWGY00418-Yellow-XL Charging,Yellow-XL Charging,1.51,10.32,85.0,180,100,30,14208,0,14208,0,https://oss-cf.cjdropshipping.com/product/2024/04/09/06/7810dfa6-2d1b-4005-b5b6-ddb96724224d.jpg
4,CJJJCWGY00418,91FDF3BC-C202-4349-A495-E383C00F7521,17B30AC9-39F2-487F-B911-5BCF10C33241,CJJJCWGY00418-Green-M,Green-M,0.83,5.67,85.0,180,100,30,13442,0,13442,0,https://cf.cjdropshipping.com/15525792/10408794679920.jpg
4,CJJJCWGY00418,91FDF3BC-C202-4349-A495-E383C00F7521,18C8857F-F881-445C-B0BD-EBAF87590888,CJJJCWGY00418-Orange-L,Orange-L,0.83,5.67,85.0,180,100,30,11952,0,11952,0,https://cf.cjdropshipping.com/15525792/322310814280.jpg
4,CJJJCWGY00418,91FDF3BC-C202-4349-A495-E383C00F7521,1E3CEFF5-D8D6-4FC1-9A45-FF8428580629,CJJJCWGY00418-Yellow-L,Yellow-L,0.83,5.67,85.0,180,100,30,10948,0,10948,0,https://cf.cjdropshipping.com/15525792/619474777920.jpg
4,CJJJCWGY00418,91FDF3BC-C202-4349-A495-E383C00F7521,210BF0FB-A871-4BA8-BDB1-79B8E6A65E9D,CJJJCWGY00418-Red-XL,Red-XL,0.83,5.67,85.0,180,100,30,14465,0,14465,0,https://cf.cjdropshipping.com/15525792/8756954776670.jpg
4,CJJJCWGY00418,91FDF3BC-C202-4349-A495-E383C00F7521,235302AC-9EF6-4180-A5B1-33768D3B0D71,CJJJCWGY00418-Green-XL,Green-XL,0.83,5.67,85.0,180,100,30,13825,0,13825,0,https://cf.cjdropshipping.com/15525792/10408794679920.jpg
4,CJJJCWGY00418,91FDF3BC-C202-4349-A495-E383C00F7521,2CB19F6B-BDB7-42FA-872D-847E0649FF92,CJJJCWGY00418-Blue-M,Blue-M,0.83,5.67,85.0,180,100,30,14439,0,14439,0,https://oss-cf.cjdropshipping.com/product/2024/03/29/02/ac5a3063-e305-4c58-8d51-56f0f0f8f579.jpg
4,CJJJCWGY00418,91FDF3BC-C202-4349-A495-E383C00F7521,3706121A-4272-45E0-ACAA-3D0AC95670C5,CJJJCWGY00418-Yellow-M,Yellow-M,0.83,5.67,85.0,180,100,30,13484,0,13484,0,https://cf.cjdropshipping.com/15525792/619474777920.jpg
4,CJJJCWGY00418,91FDF3BC-C202-4349-A495-E383C00F7521,42A97794-F2B2-455C-B02A-DDB1758908EC,CJJJCWGY00418-Yellow-S,Yellow-S,0.83,5.67,85.0,180,100,30,13437,0,13437,0,https://cf.cjdropshipping.com/15525792/619474777920.jpg
4,CJJJCWGY00418,91FDF3BC-C202-4349-A495-E383C00F7521,4D60BA2D-9F3A-4415-908A-2F0CDB01CF42,CJJJCWGY00418-White-L,White-L,0.83,5.67,85.0,180,100,30,10597,0,10597,0,https://cf.cjdropshipping.com/15525792/960343947708.jpg
4,CJJJCWGY00418,91FDF3BC-C202-4349-A495-E383C00F7521,54E9B183-489B-49B4-9476-C5986BB2F22A,CJJJCWGY00418-Orange-XL,Orange-XL,0.83,5.67,85.0,180,100,30,12971,0,12971,0,https://cf.cjdropshipping.com/15525792/322310814280.jpg
4,CJJJCWGY00418,91FDF3BC-C202-4349-A495-E383C00F7521,6274A80C-CDBA-4F07-89A7-C4D53A9D23FD,CJJJCWGY00418-Pink-L,Pink-L,0.83,5.67,85.0,180,100,30,11293,0,11293,0,https://cf.cjdropshipping.com/15525792/5438491760460.jpg
4,CJJJCWGY00418,91FDF3BC-C202-4349-A495-E383C00F7521,639F919D-B223-4D70-8D07-0CF17BC46C5D,CJJJCWGY00418-Green-S,Green-S,0.83,5.67,85.0,180,100,30,14990,0,14990,0,https://cf.cjdropshipping.com/15525792/10408794679920.jpg
4,CJJJCWGY00418,91FDF3BC-C202-4349-A495-E383C00F7521,6CDC9981-D5EA-4839-A1F2-F459E83940AE,CJJJCWGY00418-White-S,White-S,0.83,5.67,85.0,180,100,30,11270,0,11270,0,https://cf.cjdropshipping.com/15525792/960343947708.jpg
4,CJJJCWGY00418,91FDF3BC-C202-4349-A495-E383C00F7521,73A9ED91-D48A-4EA0-AB9B-B7EDA529A998,CJJJCWGY00418-Red-L,Red-L,0.83,5.67,85.0,180,100,30,12446,0,12446,0,https://cf.cjdropshipping.com/15525792/8756954776670.jpg
4,CJJJCWGY00418,91FDF3BC-C202-4349-A495-E383C00F7521,7BE66876-537D-42DE-AB82-AEE55398CB5C,CJJJCWGY00418-Yellow-XL,Yellow-XL,0.83,5.67,85.0,180,100,30,13853,0,13853,0,https://cf.cjdropshipping.com/15525792/619474777920.jpg
4,CJJJCWGY00418,91FDF3BC-C202-4349-A495-E383C00F7521,8AC33038-3C9C-4527-B0A7-6F55EE8F6151,CJJJCWGY00418-Pink-M,Pink-M,0.83,5.67,85.0,180,100,30,11559,0,11559,0,https://cf.cjdropshipping.com/15525792/5438491760460.jpg
4,CJJJCWGY00418,91FDF3BC-C202-4349-A495-E383C00F7521,8CDD6A15-EEBE-4F42-9C3B-5094D37E44EA,CJJJCWGY00418-Red-M,Red-M,0.83,5.67,85.0,180,100,30,10724,0,10724,0,https://cf.cjdropshipping.com/15525792/8756954776670.jpg
4,CJJJCWGY00418,91FDF3BC-C202-4349-A495-E383C00F7521,95FBB89F-6566-4E7F-81CE-DF34F27966D2,CJJJCWGY00418-Orange-S,Orange-S,0.83,5.67,85.0,180,100,30,13279,0,13279,0,https://cf.cjdropshipping.com/15525792/322310814280.jpg
4,CJJJCWGY00418,91FDF3BC-C202-4349-A495-E383C00F7521,9D2189A4-EEC2-4154-A577-507CD8B85F9C,CJJJCWGY00418-White-M,White-M,0.83,5.67,85.0,180,100,30,14617,0,14617,0,https://cf.cjdropshipping.com/15525792/960343947708.jpg
4,CJJJCWGY00418,91FDF3BC-C202-4349-A495-E383C00F7521,A5443236-6FAF-4D94-808A-8E81FB2726B6,CJJJCWGY00418-Pink-XL,Pink-XL,0.83,5.67,85.0,180,100,30,14741,0,14741,0,https://cf.cjdropshipping.com/15525792/5438491760460.jpg
4,CJJJCWGY00418,91FDF3BC-C202-4349-A495-E383C00F7521,A71B6C05-B790-4B11-803B-5E29C2B8A3E9,CJJJCWGY00418-Green-L,Green-L,0.83,5.67,85.0,180,100,30,12457,0,12457,0,https://cf.cjdropshipping.com/15525792/10408794679920.jpg
4,CJJJCWGY00418,91FDF3BC-C202-4349-A495-E383C00F7521,AD68D027-7432-4828-98AA-B69189A2474F,CJJJCWGY00418-Blue-XL,Blue-XL,0.83,5.67,85.0,180,100,30,11455,0,11455,0,https://oss-cf.cjdropshipping.com/product/2024/03/29/02/ac5a3063-e305-4c58-8d51-56f0f0f8f579.jpg
4,CJJJCWGY00418,91FDF3BC-C202-4349-A495-E383C00F7521,BA3B84C0-5728-4ABB-A30B-F084BD5DBA3B,CJJJCWGY00418-Blue-S,Blue-S,0.83,5.67,85.0,180,100,30,10822,0,10822,0,https://oss-cf.cjdropshipping.com/product/2024/03/29/02/ac5a3063-e305-4c58-8d51-56f0f0f8f579.jpg
4,CJJJCWGY00418,91FDF3BC-C202-4349-A495-E383C00F7521,C742AE19-89AC-4272-87B5-5CF20022D4E5,CJJJCWGY00418-Pink-S,Pink-S,0.83,5.67,85.0,180,100,30,14605,0,14605,0,https://cf.cjdropshipping.com/15525792/5438491760460.jpg
4,CJJJCWGY00418,91FDF3BC-C202-4349-A495-E383C00F7521,D3D8EB39-15C8-4F21-858A-93B8E04A7A8C,CJJJCWGY00418-Orange-M,Orange-M,0.83,5.67,85.0,180,100,30,12442,0,12442,0,https://cf.cjdropshipping.com/15525792/322310814280.jpg
4,CJJJCWGY00418,91FDF3BC-C202-4349-A495-E383C00F7521,DC130D52-579B-406A-8D29-C0A92C2D13D1,CJJJCWGY00418-Blue-L,Blue-L,0.83,5.67,85.0,180,100,30,11769,0,11769,0,https://oss-cf.cjdropshipping.com/product/2024/03/29/02/ac5a3063-e305-4c58-8d51-56f0f0f8f579.jpg
4,CJJJCWGY00418,91FDF3BC-C202-4349-A495-E383C00F7521,EF0B6450-B8F5-4239-8A5C-46526300BE4C,CJJJCWGY00418-White-XL,White-XL,0.83,5.67,85.0,180,100,30,14158,0,14158,0,https://cf.cjdropshipping.com/15525792/960343947708.jpg
4,CJJJCWGY00418,91FDF3BC-C202-4349-A495-E383C00F7521,FEEB16B7-35E8-4B97-AE11-6AC29BA1AE0E,CJJJCWGY00418-Red-S,Red-S,0.83,5.67,85.0,180,100,30,11336,0,11336,0,https://cf.cjdropshipping.com/15525792/8756954776670.jpg
5,CJJJCWGX00546,D2C89161-B5F9-4B6C-99D1-9D9E3B00A2A8,04A40241-AB98-4136-B493-9F758A239B10,CJJJCWGX00546-Green-L,Green-L,4.05,27.67,145.0,200,200,40,11882,0,11882,9,https://cf.cjdropshipping.com/20200814/363615837817.jpg
5,CJJJCWGX00546,D2C89161-B5F9-4B6C-99D1-9D9E3B00A2A8,1DB25B7F-FC34-412F-8EEB-B9BF58C3668C,CJJJCWGX00546-Green-XL,Green-XL,4.05,27.67,156.0,200,200,40,12917,0,12917,0,https://cf.cjdropshipping.com/20200814/363615837817.jpg
5,CJJJCWGX00546,D2C89161-B5F9-4B6C-99D1-9D9E3B00A2A8,2B3D3FE6-4AC4-459D-8CB2-BBBBB7D74BCC,CJJJCWGX00546-Brown-L,Brown-L,4.05,27.67,145.0,200,200,40,13737,0,13737,0,https://cf.cjdropshipping.com/20200814/36537424702.jpg
5,CJJJCWGX00546,D2C89161-B5F9-4B6C-99D1-9D9E3B00A2A8,5049FDD8-DE23-4314-A147-D623C4F04F62,CJJJCWGX00546-Black-L,Black-L,4.05,27.67,145.0,200,200,40,13063,0,13063,0,https://cf.cjdropshipping.com/20200814/70239086428451.jpg
5,CJJJCWGX00546,D2C89161-B5F9-4B6C-99D1-9D9E3B00A2A8,5581E1B3-334C-47EA-B159-89302E1EFD14,CJJJCWGX00546-Black-XL,Black-XL,3.93,26.85,156.0,200,200,40,12361,0,12361,0,https://cf.cjdropshipping.com/20200814/70239086428451.jpg
5,CJJJCWGX00546,D2C89161-B5F9-4B6C-99D1-9D9E3B00A2A8,597B1086-8558-4E19-B21E-A5E6E9BB1C47,CJJJCWGX00546-Black-M,Black-M,4.05,27.67,135.0,200,200,40,13084,0,13084,0,https://cf.cjdropshipping.com/20200814/70239086428451.jpg
5,CJJJCWGX00546,D2C89161-B5F9-4B6C-99D1-9D9E3B00A2A8,636E2301-EC0C-4E12-996F-CD996140B42D,CJJJCWGX00546-Green-M,Green-M,4.05,27.67,135.0,200,200,40,10838,0,10838,0,https://cf.cjdropshipping.com/20200814/363615837817.jpg
5,CJJJCWGX00546,D2C89161-B5F9-4B6C-99D1-9D9E3B00A2A8,8EC8A8A3-6781-4A63-8B86-B149FD76D05E,CJJJCWGX00546-Brown-XL,Brown-XL,3.93,26.85,156.0,200,200,40,10290,0,10290,8,https://cf.cjdropshipping.com/20200814/36537424702.jpg
5,CJJJCWGX00546,D2C89161-B5F9-4B6C-99D1-9D9E3B00A2A8,AE9AD186-BC49-4755-91BD-15AD60F889DC,CJJJCWGX00546-Brown-M,Brown-M,3.93,26.85,135.0,200,200,40,11004,1,11003,0,https://cf.cjdropshipping.com/20200814/36537424702.jpg
